Name,Age,Score,BonusScore
Jacky,25,85.5,94.05000000000001
Fadhil,30,90,99.00000000000001
Budi,22,78.5,86.35000000000001
Siti,28,92,101.2
